method,train_time,predict_time,90IntCov,50IntCov,AvgCent50W,AvgCent90W,RMSE,MAPE,CRPS,AVGNLL
quantile_reg,6.106766263611111e-12,0.0500109,0.8853591160220995,0.4832906616358981,0.2057309054989757,0.5017084781312465,0.46410199855125644,0.46224038083375485,0.19330550578563124,0.8993944041460993
simple_nn_aleo,3.564850421845277e-09,0.7221634,0.8070677806225576,0.41547635089610563,0.22183574629366565,0.5409827677478356,0.49554562039242406,0.5485368707455484,0.23190376526278172,0.8391514773040251
concrete,4.898421918363333e-09,22.278033,0.8600256030184611,0.47631720792346044,0.1783580521846765,0.4349552961281893,0.42747154776760005,0.4445841606864974,0.18624157828247317,0.6888145854251086
fnp,2.1683855929230555e-09,157.9086749,0.8756569195526209,0.45408300768090554,0.29623393414955335,0.7224149230886667,1.082596410356159,0.8431719164849898,0.3322063980864738,1.522625200510024
deep_ens,3.316300428344445e-09,2.0374607,0.8825293087185015,0.49430669721061854,0.17689861809403418,0.4313962272815659,0.3977589540389312,0.4089380628642538,0.16953607497223236,0.514801152990619
bnn,4.4903580343025e-09,17.9870639,0.9037865516776715,0.5228405875218973,0.228971826410513,0.5583852668354796,0.47196398396804834,0.4963973742390254,0.20655945910128082,0.6892407118245929
dgp,2.857275792105555e-09,1.3903142,0.9330952701792211,0.5216615011453982,0.4250356474956545,1.036518977736359,1.6541618845941148,1.2756942110468563,0.4940979391792931,1.325527968659794
