method,50IntCov,90IntCov,AVGNLL,AvgCent50W,AvgCent90W,CRPS,MAPE,RMSE,predict_time,train_time
bnn,0.6507883034631451,0.9912747608139065,0.7393510057144305,0.44413700853548344,1.0831007723106105,0.24115004628256229,0.5280750464219213,0.48829143888295395,9.990596264,269.42148205815
concrete,0.6199299285810538,0.9923527826438485,0.6065625090021589,0.4066572372274511,0.9917002169198033,0.21208259435552004,0.46033207963500694,0.42361383875879044,11.987083994,287.4590112892167
deep_ens,0.48645735076135294,0.9889839644252796,0.5305188726455088,0.38543442813311574,0.9399449241184406,0.19526653361260762,0.4090622429075647,0.39770379564868225,1.826552038,198.9780257006667
dgp,0.7138188923325698,0.9719040560571351,1.2880278056921606,0.5190588333161446,1.2658099019785818,0.532052030829799,1.3782847673767304,1.702463944650556,0.9011285,171.4365475263333
fnp,0.6614337690338229,0.9980797736154157,1.2096281471535133,0.6813120217518337,1.6614908525123713,0.392257068763637,0.8872363270109925,1.1053372000963506,159.45786788,130.10313557538333
quantile_reg,0.48187575798409915,0.9358577011184477,0.6769920111454621,0.2730907077240218,0.6659763783749357,0.19618023322989517,0.46230002496868905,0.4641366072070436,0.065155835,0.3664059758166667
simple_nn_aleo,0.3669316803665274,0.9349144320172483,0.7044120521017512,0.3828362265658989,0.9336087844363399,0.24506860030018598,0.5623376314965749,0.505720937888325,0.726786834,213.89102531071663
