method,train_time,predict_time,90IntCov,50IntCov,AvgCent50W,AvgCent90W,RMSE,MAPE,CRPS,AVGNLL
bnn,269.42148205815,9.887659149,0.9077954453577685,0.5277253739388222,0.2300761207549694,0.5610782692972267,0.4715365922140132,0.4954431010392179,0.2065681086792493,0.6936633150673606
concrete,287.4590112892167,17.225841262,0.8632596685082873,0.4619997304945425,0.1879682558551138,0.45839135035802103,0.41318888348044314,0.4428187968508009,0.18290131281005956,0.544151435158657
deep_ens,198.9780257006667,1.821540007,0.88269774962943,0.4943403853928042,0.17693311990738764,0.43148036559918207,0.3977584657069304,0.4089410942122505,0.16953428434180864,0.5146079180936542
dgp,171.4365475263333,0.884706125,0.9330952701792211,0.5215267484166555,0.42503771106465216,1.0365240100870348,1.6542444393623805,1.2756644760819396,0.4940803951537296,1.3254011639971046
fnp,130.10313557538333,159.006100995,0.8757916722813637,0.4520954049319499,0.29568588784013744,0.7210784224828116,1.0791019899415402,0.840286958217764,0.3308902417866687,1.5092068101853073
quantile_reg,0.3664059758166667,0.065599739,0.8853591160220995,0.4833243498180838,0.20569712712312876,0.5016261040343707,0.4641013280640612,0.46224465174019863,0.19330577133898647,0.899712693199269
simple_nn_aleo,213.89102531071663,0.88177155,0.8072362215334861,0.41547635089610563,0.22184982080333404,0.5410170907427646,0.49552387997114267,0.5485107965318415,0.23188737169980156,0.839016544707872
