method,50IntCov,90IntCov,AVGNLL,AvgCent50W,AvgCent90W,CRPS,MAPE,RMSE,predict_time,train_time
bnn,0.26232987467996227,0.5499932623635628,4.43014161341216,1.4399353529693892,3.5115179841039894,2.991311195960407,6.546889464901167,5.008700780703791,10.634457579,280.32974606475
concrete,0.4697143242150654,0.8143107397924808,2.1251198124047317,0.8249022907050115,2.0116592199544416,0.9665442598924192,2.331481289867828,1.7530783158315182,22.0649172,20.541054423683327
deep_ens,0.42790729012262496,0.7488882899878723,2.3151854575945787,0.7690566066563388,1.8754703810130917,1.0455328214446076,2.4794037783377445,1.8672004549313388,2.0424549,59.09139343243335
dgp,0.6165274221802991,0.8967457216008624,2.351596469894925,0.9946489850429006,2.425614310841339,1.2540321142960131,3.0716336947345537,2.565871262095021,1.5813535,173.72170111918334
fnp,0.2726384584287832,0.5812895836140682,3.6722450178890496,0.9070783349000155,2.212058950718893,1.8086561558473144,4.08963446063832,3.2578393014693887,158.9954331,131.52329005533332
quantile_reg,0.4488950276243094,0.6976485648834388,2.87568252975498,0.6222513637738384,1.5174617735574951,1.1312512755714152,2.6209712317896936,2.1104955436456216,0.0410087,0.28431008745
simple_nn_aleo,0.5111507883034632,0.8187238916588061,2.85254886948842,0.7484772772808181,1.8252843188027859,1.0134842132734376,2.3886137500181124,1.7977463506844629,1.0032231,64.53464541288335
