method,train_time,predict_time,90IntCov,50IntCov,AvgCent50W,AvgCent90W,RMSE,MAPE,CRPS,AVGNLL
quantile_reg,0.3287788103666667,0.076990738,0.9358577011184477,0.48187575798409915,0.2730907077240218,0.6659763783749357,0.4641366072070436,0.46230002496868905,0.19618023322989517,0.6769920111454621
simple_nn_aleo,202.36636447921666,0.360723532,0.9924538471904056,0.7340654898261689,0.37090550377077286,0.904513764599477,0.49564088920367044,0.5720200806588652,0.24131276618937478,18.872701490912107
concrete,283.83906761008336,14.245335094,0.934409109284463,0.3342541436464088,0.3769203283593139,0.9191818986030885,0.49640026758803,0.5613072936134901,0.24202024819368995,0.7144945044968248
fnp,127.50081996595,163.063522503,0.8277186363023851,0.11720118582401294,0.6884800538677358,1.6789712717782215,1.4346447140429823,1.6765500806278855,0.6600564703687549,1.6704060563426961
deep_ens,198.55212327928334,2.158345501,0.9907357498989354,0.5041436464088398,0.3956608423500345,0.9648837086003645,0.39402597472566053,0.40567907433024825,0.19672915282851716,0.5527359882490679
bnn,260.97057980505,12.416861475,0.9872321789516237,0.5544064142298881,0.4462491230499677,1.0882515091730702,0.461848059039342,0.47669931426198403,0.22874539244009537,0.7162832735075171
dgp,167.77260135368334,0.407062129,0.972139873332435,0.7724700175178547,0.5265832863061058,1.2841595118692666,1.6464948367919894,1.3302147073149913,0.5397679325756043,1.3026914129805716
