method,train_time,predict_time,90IntCov,50IntCov,AvgCent50W,AvgCent90W,RMSE,MAPE,CRPS,AVGNLL
quantile_reg,6.106766263611111e-12,0.0460126,0.8874477833176122,0.4836949198221264,0.20781583447004207,0.5067929185975363,0.46409361104325536,0.46222751664053874,0.1932743957729893,0.8860816099596508
simple_nn_aleo,3.564850421845277e-09,0.693169,0.8051138660557876,0.41577954453577687,0.2199542172284072,0.536394351235494,0.49551343377006535,0.5484982944274654,0.23201433413183511,0.8484441052484982
concrete,4.898421918363333e-09,21.5866844,0.8578358711763914,0.47598032610160357,0.17686964280993994,0.4313255663098899,0.4274906006018449,0.4446136953253214,0.18634299510519955,0.6993640110871667
fnp,2.1683855929230555e-09,156.2603666,0.8626869694111305,0.4477159412478103,0.2881474778612205,0.7026947761906862,1.0737156874847331,0.8447462028402128,0.33286515160720787,1.5773613133134141
deep_ens,3.316300428344445e-09,2.0164555,0.8817544805282307,0.4943403853928042,0.1764849142014531,0.4303873426424767,0.39775976304013094,0.4089376228926248,0.1695477317811479,0.5169965653693999
bnn,4.4903580343025e-09,16.8501216,0.9077617571755828,0.5381013340520145,0.23064065243298598,0.5624549721720216,0.47392068908772317,0.5012040199198191,0.208020640784803,0.6918333997897338
dgp,2.857275792105555e-09,1.3923432,0.9026748416655437,0.5146206710685891,0.36822661718385963,0.8979808612938376,1.6530363299941908,1.2751141335799816,0.496585018030751,1.4956590103705667
