method,50IntCov,90IntCov,AVGNLL,AvgCent50W,AvgCent90W,CRPS,MAPE,RMSE,predict_time,train_time
bnn,0.6592440371917532,0.991645330817949,0.7426827804178024,0.4440498881201223,1.0828883149216781,0.24207104406264082,0.5309225004873876,0.48981027175096253,9.721453411,269.42148205815
concrete,0.6196604231235683,0.992622288101334,0.6040673391072859,0.40660790737609737,0.9915799180051161,0.21193412332228098,0.4597117952318951,0.4225959555250896,11.776317681,287.4590112892167
deep_ens,0.48645735076135294,0.9889839644252796,0.5305188726455088,0.38543442813311574,0.9399449241184406,0.19526653361260762,0.4090622429075647,0.39770379564868225,1.722256381,198.9780257006667
dgp,0.7136167632394556,0.9719377442393209,1.2880742856747107,0.5190575604299473,1.2658067978372987,0.5320606219329774,1.3782926661738664,1.7024724346430034,0.86742273,171.4365475263333
fnp,0.6578291335399542,0.9979787090688587,1.2151187982672598,0.6815172128287982,1.6619912445302853,0.3929760216741427,0.8905552254772204,1.1071596796178893,160.286364543,130.10313557538333
quantile_reg,0.48187575798409915,0.9358577011184477,0.6769920111454621,0.2730907077240218,0.6659763783749357,0.19618023322989517,0.46230002496868905,0.4641366072070436,0.072269002,0.3664059758166667
simple_nn_aleo,0.3669316803665274,0.9349144320172483,0.7044120521017512,0.3828362265658989,0.9336087844363399,0.24506860030018598,0.5623376314965749,0.505720937888325,0.748409425,213.89102531071663
