method,train_time,predict_time,90IntCov,50IntCov,AvgCent50W,AvgCent90W,RMSE,MAPE,CRPS,AVGNLL
bnn,257.25803331286664,10.184529055,0.8460786955935857,0.43781161568521765,0.9818924839691824,2.3945054955447156,1.7729410088720594,2.331656145362857,0.9590420486004683,1.980199183069163
concrete,18.91041806943333,12.471374953,0.8400485109823473,0.4062121007950411,1.0641192199566445,2.5950288465401004,1.9088396517767707,2.4778536650983773,1.0122675545877995,2.0247526041692345
deep_ens,59.09139343243335,1.878892243,0.7191416251179087,0.4289179355881957,0.6854049360165241,1.6714720936967187,1.866468358912731,2.4782528756679842,1.0626701772450475,2.53051520128605
dgp,173.72170111918334,0.388381906,0.8725912949737232,0.47261150788303463,1.1803124250095887,2.8783849905035774,2.5357254466919206,2.9578800222470956,1.2031551897324309,2.1907785648622182
fnp,131.52329005533332,162.953597412,0.7489556663522436,0.3247203880878588,1.2603206143407504,3.073498052442508,3.152932707546127,3.8730007854166764,1.6252913962428481,2.715637253101368
quantile_reg,0.28431008745,0.046061118,0.8648767012532004,0.4538808785877914,1.1457105856177316,2.794002743024884,2.108412641983966,2.618520468815088,1.05426902680264,2.0215897543135943
simple_nn_aleo,64.53464541288335,0.542743354,0.7667093383641018,0.4162848672685622,0.7943909948501776,1.9372524322527411,1.812669597039999,2.4273746983615583,1.0263829132453128,2.6821325231091
