method,train_time,predict_time,90IntCov,50IntCov,AvgCent50W,AvgCent90W,RMSE,MAPE,CRPS,AVGNLL
bnn,280.32974606475,10.296973354,0.7757040830076809,0.27145937205228404,2.8565199314599665,6.966091283603897,4.974794598327317,6.491487854708526,2.73701149197633,3.052370538370349
concrete,20.54105442368333,12.17331124,0.7937946368413961,0.41763239455598977,0.8742429607356383,2.1319845177554813,1.773672417354306,2.3679702798653657,0.9795249724690184,2.1005198341755418
deep_ens,59.09139343243335,1.9944437,0.7191753133000943,0.42888424740600994,0.6853826219590919,1.6714176772162772,1.8665098248096303,2.478292613041359,1.0627095844252408,2.5306928824829438
dgp,173.72170111918334,1.4173165,0.8723217895162377,0.4730831424336343,1.1803551391396887,2.8784891558994157,2.535557804422818,2.9578242156295445,1.2031313079171166,2.1907699795625173
fnp,131.52329005533332,165.431058202,0.7491241072631721,0.3277860126667565,1.263951580506054,3.0823527575949607,3.1465129567145516,3.8735533274696063,1.6251583092958406,2.701744824891063
quantile_reg,0.28431008745,0.0430092,0.8648430130710147,0.4538808785877914,1.1456751586633127,2.7939163485993928,2.108344338429932,2.6184275014413574,1.054259908495728,2.021646827989753
simple_nn_aleo,64.53464541288335,0.6911548,0.7667093383641018,0.41611642635763374,0.7943812814179069,1.9372287444586773,1.8126977527641661,2.4274009461392536,1.026408336308299,2.6821549308630503
