method,50IntCov,90IntCov,AVGNLL,AvgCent50W,AvgCent90W,CRPS,MAPE,RMSE,predict_time,train_time
quantile_reg,0.4488950276243094,0.6976485648834388,2.8756825297549797,0.6222513637738384,1.517461773557495,1.1312512755714152,2.6209712317896936,2.1104955436456216,0.0410087,0.28431008745
simple_nn_aleo,0.5111507883034632,0.8187238916588061,2.8525488694884196,0.7484772772808181,1.825284318802786,1.0134842132734376,2.3886137500181124,1.7977463506844629,1.0032231,64.53464541288335
concrete,0.46971432421506537,0.8143107397924808,2.125119812404732,0.8249022907050115,2.0116592199544416,0.9665442598924191,2.331481289867828,1.7530783158315182,22.0649172,20.54105442368333
fnp,0.2726384584287832,0.5812895836140682,3.6722450178890496,0.9070783349000157,2.2120589507188932,1.8086561558473144,4.08963446063832,3.257839301469389,158.9954331,131.52329005533332
deep_ens,0.42790729012262496,0.7488882899878723,2.3151854575945787,0.7690566066563388,1.875470381013092,1.0455328214446076,2.4794037783377445,1.8672004549313388,2.0424549,59.09139343243335
bnn,0.2624983155908907,0.5501280150923056,4.428164663586034,1.439908697528487,3.511452980449548,2.990949829707086,6.5460774677953735,5.007988773186765,17.1098123,280.32974606475
dgp,0.6165274221802991,0.8967457216008624,2.3515964698949254,0.9946489850429006,2.425614310841339,1.2540321142960131,3.0716336947345537,2.565871262095021,1.5813535,173.72170111918334
