method,50IntCov,90IntCov,AVGNLL,AvgCent50W,AvgCent90W,CRPS,MAPE,RMSE,predict_time,train_time
bnn,0.5525198760274895,0.8720522840587522,2.06874124033028,0.8683476197873071,2.117607764160398,0.97620483627683,2.3694663876009248,1.8452765829119733,10.158110806,257.25803331286664
concrete,0.49204958900417733,0.8841126532812289,1.9943284347398627,1.0713759567881702,2.6127255867703223,0.9862423923313366,2.4359117580058767,1.8779357190484383,12.39729001,18.91041806943333
deep_ens,0.42794097830481065,0.7488882899878723,2.315131168124465,0.7690494621128583,1.8754529578747068,1.0455070815496892,2.479374829186924,1.8671657140516191,1.843875859,59.09139343243335
dgp,0.6162916049049993,0.8966446570543054,2.3516402302949606,0.9946396266517619,2.425591488873173,1.2540581141714313,3.0717394675953025,2.565961257721423,0.375273165,173.72170111918334
fnp,0.2713246193235413,0.5806495081525401,3.6734606980227786,0.907081996323792,2.2120678796999145,1.807090066192502,4.086143722047891,3.2561305089925914,161.964356042,131.52329005533332
quantile_reg,0.44892871580649507,0.6976148767012532,2.8754803520023664,0.62226402759336,1.5174926563536604,1.1312678678458594,2.6210659042190114,2.110566037358565,0.152771207,0.28431008745
simple_nn_aleo,0.5111507883034632,0.8187238916588061,2.8526224923704278,0.7484714629385564,1.8252701395777429,1.0134819507263848,2.3886334023450533,1.7977473919069844,0.467555076,64.53464541288335
