method,50IntCov,90IntCov,AVGNLL,AvgCent50W,AvgCent90W,CRPS,MAPE,RMSE,predict_time,train_time
bnn,0.5339239994609891,0.8672348740061986,2.0401004636656768,0.8604085899962971,2.098247140900486,0.9611405522826805,2.328167919430797,1.7748952866299699,10.306222947,257.25803331286664
concrete,0.49016305080177874,0.8852917396577281,1.9938837351380407,1.071285007027912,2.612503790897238,0.9860333611062438,2.4365629667020854,1.8775453547144458,12.93497405,18.91041806943333
deep_ens,0.42794097830481065,0.7488882899878723,2.315131168124465,0.7690494621128583,1.8754529578747068,1.0455070815496892,2.479374829186924,1.8671657140516191,1.887020134,59.09139343243335
dgp,0.616325293087185,0.8967120334186768,2.351602227276826,0.9946450923013616,2.425604817754102,1.2540479084825107,3.0716576694120756,2.5660133796490556,0.404971278,173.72170111918334
fnp,0.272436329335669,0.5810537663387684,3.6724379071049715,0.9075059147548121,2.2131016741624583,1.8094465666870378,4.0860047472912004,3.260155934094893,164.032572406,131.52329005533332
quantile_reg,0.44892871580649507,0.6976148767012532,2.8754803520023664,0.62226402759336,1.5174926563536604,1.1312678678458594,2.6210659042190114,2.110566037358565,0.116197377,0.28431008745
simple_nn_aleo,0.5111507883034632,0.8187238916588061,2.8526224923704278,0.7484714629385564,1.8252701395777429,1.0134819507263848,2.3886334023450533,1.7977473919069844,0.365858713,64.53464541288335
