method,train_time,predict_time,90IntCov,50IntCov,AvgCent50W,AvgCent90W,RMSE,MAPE,CRPS,AVGNLL
quantile_reg,0.3664059758166667,0.04501,0.8853591160220995,0.4832906616358981,0.2057309054989757,0.5017084781312465,0.46410199855125644,0.46224038083375485,0.19330550578563124,0.8993944041460993
simple_nn_aleo,213.89102531071663,0.6911541,0.8070677806225576,0.41547635089610563,0.22183574629366565,0.5409827677478356,0.49554562039242406,0.5485368707455484,0.23190376526278172,0.8391514773040251
concrete,293.9053151018,21.7058368,0.8600256030184611,0.4763508961056461,0.17840440625021972,0.43506833810223045,0.4274962196251604,0.4446166165790003,0.18625553913698045,0.6887800902739946
fnp,130.10313557538333,158.0282166,0.8748147149979787,0.4497709203611373,0.2952617556007885,0.7200441066136715,1.078952734293023,0.8398984947671064,0.3309463067411908,1.566617276369873
deep_ens,198.9780257006667,2.0454561,0.8825293087185015,0.49430669721061854,0.17689861809403418,0.4313962272815659,0.3977589540389312,0.4089380628642538,0.16953607497223236,0.514801152990619
bnn,269.42148205815,16.9017665,0.9066163589812694,0.5364169249427301,0.22917647772957894,0.5588843425654343,0.47321926269845155,0.4994750703329466,0.20750691167472093,0.6950979409677033
dgp,171.4365475263333,1.3623035,0.9331963347257782,0.5217625656919552,0.42503248373263597,1.0365112623825314,1.6541600288260272,1.2756165709906806,0.49407344926340585,1.3254342961044872
