method,train_time,predict_time,90IntCov,50IntCov,AvgCent50W,AvgCent90W,RMSE,MAPE,CRPS,AVGNLL
bnn,257.25803331286664,10.208285477,0.851805686565153,0.45280285675784937,0.9938200608077572,2.423592843451735,1.8378552485508741,2.3622873740243047,0.9688059787398776,1.9875168211976524
concrete,18.91041806943333,12.62361027,0.8400485109823473,0.40520145532947044,1.063196672370383,2.592779063288603,1.9047741286763478,2.4746945585622124,1.0104925579027728,2.02290470471926
deep_ens,59.09139343243335,1.863122166,0.7191416251179087,0.4289179355881957,0.6854049360165241,1.6714720936967187,1.866468358912731,2.4782528756679842,1.0626701772450475,2.53051520128605
dgp,173.72170111918334,0.375375258,0.8725239186093519,0.47261150788303463,1.1803554173498902,2.878489834360517,2.535690820771086,2.9579011971902727,1.2031521580674507,2.1908008668427086
fnp,131.52329005533332,160.869008253,0.7492251718097291,0.32600053901091497,1.2637660325477624,3.081900268536261,3.147218631670286,3.872487790735799,1.6240173837381058,2.702702394097528
quantile_reg,0.28431008745,0.061695198,0.8648767012532004,0.4538808785877914,1.1457105856177316,2.794002743024884,2.108412641983966,2.618520468815088,1.05426902680264,2.0215897543135943
simple_nn_aleo,64.53464541288335,0.477877083,0.7667093383641018,0.4162848672685622,0.7943909948501776,1.9372524322527411,1.812669597039999,2.4273746983615583,1.0263829132453128,2.6821325231091
