method,train_time,predict_time,90IntCov,50IntCov,AvgCent50W,AvgCent90W,RMSE,MAPE,CRPS,AVGNLL
quantile_reg,0.28431008745,0.059556095,0.8648767012532004,0.45374612585904867,1.1469333637018584,2.7969846874740742,2.10850844639211,2.6186313872688305,1.0543196734405016,2.0214683911923226
simple_nn_aleo,64.53464541288335,0.721817509,0.7667767147284732,0.4162848672685622,0.7944750314967559,1.9374573693668793,1.812668494864099,2.4273726493305605,1.0263693662228663,2.6818952111845356
concrete,20.54105442368333,12.17331124,0.7937946368413961,0.41763239455598977,0.8742429607356383,2.1319845177554813,1.773672417354306,2.367970279865366,0.9795249724690185,2.1005198341755418
fnp,131.52329005533332,165.431058202,0.7491241072631721,0.3277860126667565,1.263951580506054,3.0823527575949607,3.146512956714551,3.873553327469606,1.6251583092958406,2.701744824891063
deep_ens,59.09139343243335,1.856047342,0.7188721196604231,0.4286821183128958,0.6849094166590581,1.6702636886585165,1.8665945263161228,2.4784561469056112,1.062904525306765,2.532471855912775
bnn,280.32974606475,10.296973354,0.7757040830076809,0.27145937205228404,2.856519931459966,6.966091283603897,4.974794598327316,6.491487854708526,2.73701149197633,3.052370538370349
dgp,173.72170111918334,0.919223919,0.872288101334052,0.47318420698019137,1.180168968963252,2.8780351494599503,2.535628311154522,2.957851468596818,1.2031329958976862,2.190815831436231
