method,train_time,predict_time,90IntCov,50IntCov,AvgCent50W,AvgCent90W,RMSE,MAPE,CRPS,AVGNLL
bnn,257.25803331286664,14.873247509,0.845943942864843,0.4372052284058752,0.9814209582283121,2.3933556028668117,1.7737073035306479,2.333465145412015,0.9598489040298126,1.9817738145905406
concrete,20.54105442368333,17.354305865,0.793693572294839,0.4171607600053901,0.8744743850720086,2.1325488838691733,1.7732221140263846,2.3671065877524184,0.9792985989965038,2.099016890287579
deep_ens,59.09139343243335,2.644652331,0.7191416251179087,0.4289179355881957,0.6854049360165241,1.6714720936967187,1.866468358912731,2.4782528756679842,1.0626701772450475,2.53051520128605
dgp,173.72170111918334,0.991543285,0.8726249831559089,0.47257781970084894,1.180356063971301,2.8784914112526385,2.5357177864442253,2.9579185076589356,1.2031509903219577,2.190795322026857
fnp,131.52329005533332,167.467965233,0.7472712572429592,0.32637110901495753,1.2629892489570171,3.0800059546401304,3.147630539048512,3.8706279992293133,1.6237389274953264,2.700600960011119
quantile_reg,0.28431008745,0.072591147,0.8648767012532004,0.4538808785877914,1.1457105856177316,2.794002743024884,2.108412641983966,2.618520468815088,1.05426902680264,2.0215897543135943
simple_nn_aleo,64.53464541288335,0.89051666,0.7667093383641018,0.4162848672685622,0.7943909948501776,1.9372524322527411,1.812669597039999,2.4273746983615583,1.0263829132453128,2.6821325231091
